{"cameraMode":{"drawMode":0,"name":"Shaded","section":"Shading Mode"},"sceneLighting":false,"audioPlay":false,"sceneViewState":{"m_AlwaysRefresh":false,"showFog":false,"showSkybox":true,"showFlares":true,"showImageEffects":true,"showParticleSystems":true,"showVisualEffectGraphs":true,"m_FxEnabled":false},"in2DMode":false,"pivot":{"x":-0.016267992556095125,"y":-0.38842689990997317,"z":2.918846368789673},"rotation":{"x":-0.05128172039985657,"y":-0.014383277855813504,"z":0.0007386466022580862,"w":-0.9985824823379517},"size":3.1785056591033937,"orthographic":false}