{"cameraMode":{"drawMode":0,"name":"Shaded","section":"Shading Mode"},"sceneLighting":false,"audioPlay":false,"sceneViewState":{"m_AlwaysRefresh":false,"showFog":false,"showSkybox":true,"showFlares":true,"showImageEffects":true,"showParticleSystems":true,"showVisualEffectGraphs":true,"m_FxEnabled":false},"in2DMode":false,"pivot":{"x":1.3332501649856568,"y":0.9243354201316834,"z":0.9197089076042175},"rotation":{"x":-0.12924912571907044,"y":0.19850392639636994,"z":-0.026449931785464288,"w":-0.9712114930152893},"size":0.8013991117477417,"orthographic":false}